"PARAMETER,YEAR,LAT,LON,JAN,FEB,MAR,APR,MAY,JUN,JUL,AUG,SEP,OCT,NOV,DEC,ANN"
"T2M,2015,26,76.875,14.24,19.44,22.81,28.97,35.63,35.27,30.18,28.33,28.17,27.09,22.95,17.24,25.86"
"T2M,2015,26,77.5,13.77,18.95,22.21,28.55,35.03,35.06,29.53,28.19,27.98,26.71,23.17,17.09,25.52"
"T2M,2015,26,78.125,13.98,19.32,22.67,28.66,35.27,35.71,30.22,28.62,28.65,27.2,23.25,17.01,25.88"
"T2M,2015,26,78.75,14.33,19.67,23.01,29.1,35.51,36.43,30.65,29.16,28.89,27.35,23.54,16.98,26.22"
"T2M,2015,26,79.375,14.53,19.99,23.24,29.71,36.04,36.83,31.08,30.07,29.76,27.82,23.93,17.33,26.69"
"T2M,2015,26,80,14.76,20.33,23.5,30.04,36.35,37.17,31.53,31.1,30.71,28.15,24.32,17.54,27.12"
"T2M,2015,26.5,76.875,13.62,18.9,22.16,28.38,35.36,35.45,30.45,29.19,29.08,27.2,22.67,16.79,25.77"
"T2M,2015,26.5,77.5,13.78,19.07,22.59,28.65,35.29,36.19,30.78,29.51,29.26,27.17,22.82,16.6,25.98"
"T2M,2015,26.5,78.125,13.86,19.27,22.74,28.8,35.45,36.5,31.22,29.89,29.77,27.6,23.07,16.84,26.25"
"T2M,2015,26.5,78.75,14.04,19.42,22.82,29.01,35.51,36.67,31.13,30.03,29.72,27.51,23.14,16.65,26.3"
"T2M,2015,26.5,79.375,14.25,19.62,23.02,29.3,35.83,36.88,31.36,30.61,30.14,27.62,23.37,16.85,26.57"
"T2M,2015,26.5,80,14.44,19.86,23.16,29.53,36.12,37.12,31.62,31.37,30.85,27.96,23.93,17.13,26.92"
"T2M,2015,27,76.875,13.49,18.82,22.28,28.31,35.29,35.76,31.51,30.38,29.97,27.53,22.45,16.65,26.04"
"T2M,2015,27,77.5,13.35,18.8,22.4,28.51,35.22,36.32,31.92,30.71,29.98,27.4,22.47,16.32,26.12"
"T2M,2015,27,78.125,13.53,19.09,22.57,28.78,35.46,36.54,32.13,30.82,30.27,27.71,22.83,16.68,26.37"
"T2M,2015,27,78.75,13.71,19.23,22.68,28.89,35.46,36.59,31.72,30.63,30.07,27.57,22.92,16.67,26.35"
"T2M,2015,27,79.375,13.93,19.36,22.74,28.99,35.7,36.68,31.26,30.66,30.14,27.49,23.1,16.86,26.41"
"T2M,2015,27,80,14.15,19.58,22.83,29.08,35.86,36.9,31.1,30.88,30.49,27.66,23.57,17.02,26.59"
"T2M,2015,27.5,76.875,13.21,18.52,21.93,28.09,35.24,35.48,31.7,30.6,30.01,27.46,22.2,16.36,25.9"
"T2M,2015,27.5,77.5,13.14,18.68,22.23,28.44,35.33,36.21,32.16,30.93,30.17,27.38,22.25,16.3,26.1"
"T2M,2015,27.5,78.125,13.13,18.92,22.23,28.59,35.47,36.27,32.12,30.76,30.28,27.63,22.61,16.53,26.21"
"T2M,2015,27.5,78.75,13.31,19.01,22.33,28.62,35.4,36.34,31.5,30.42,29.9,27.21,22.58,16.56,26.1"
"T2M,2015,27.5,79.375,13.59,19.18,22.42,28.65,35.54,36.41,30.6,29.9,29.52,26.94,22.61,16.61,26"
"T2M,2015,27.5,80,13.83,19.31,22.52,28.63,35.5,36.46,30.29,29.63,29.37,26.97,22.95,16.73,26.02"
"T2M,2015,28,76.875,12.77,18.15,21.48,27.85,35.1,35.02,31.36,30.29,29.55,27.14,21.87,15.92,25.54"
"T2M,2015,28,77.5,12.83,18.35,21.82,28.21,35.3,35.71,31.38,30.28,29.71,26.92,21.88,16.01,25.7"
"T2M,2015,28,78.125,12.76,18.62,21.8,28.35,35.41,35.8,31.45,30.15,29.92,27.06,22.24,16.29,25.82"
"T2M,2015,28,78.75,13.02,18.82,21.97,28.4,35.32,36,30.58,29.54,29.16,26.61,22.08,16.28,25.65"
"T2M,2015,28,79.375,13.33,18.99,22.04,28.39,35.25,36,29.8,28.97,28.01,26.11,22.06,16.17,25.43"
"T2M,2015,28,80,13.78,19.17,22.22,28.38,35.11,35.89,29.69,28.96,27.85,26.17,22.34,16.5,25.5"
"T2M,2015,28.5,76.875,12.6,17.94,21.27,27.85,34.99,34.93,31.26,30.17,29.49,26.78,21.71,15.76,25.4"
"T2M,2015,28.5,77.5,12.64,18.09,21.32,27.98,35.15,35.24,30.76,29.58,29.17,26.41,21.58,15.9,25.32"
"T2M,2015,28.5,78.125,12.75,18.43,21.42,28.08,35.21,35.4,30.88,29.5,29.35,26.47,21.97,16.19,25.47"
"T2M,2015,28.5,78.75,13.02,18.67,21.62,28.14,34.97,35.58,30.15,28.93,28.38,25.97,21.72,15.97,25.26"
"T2M,2015,28.5,79.375,13.31,18.88,21.76,28.16,34.84,35.56,29.56,28.62,27.52,25.56,21.82,15.93,25.13"
"T2M,2015,28.5,80,13.55,19.04,21.8,27.93,34.51,35.22,29.31,28.52,27.43,25.63,22.08,16.23,25.1"
"T2M,2015,29,76.875,12.42,17.58,20.94,27.69,34.75,34.98,31.05,29.94,29.24,26.37,21.33,15.51,25.15"
"T2M,2015,29,77.5,12.57,17.82,20.88,27.71,34.8,35.02,30.28,28.92,28.26,25.89,21.23,15.59,24.91"
"T2M,2015,29,78.125,12.67,18.26,21.12,27.75,34.79,35.23,30.56,28.99,28.56,25.98,21.65,15.78,25.11"
"T2M,2015,29,78.75,12.96,18.65,21.33,27.71,34.45,35.18,29.98,28.66,27.98,25.75,21.66,15.63,25"
"T2M,2015,29,79.375,13.5,18.8,21.29,27.22,33.71,34.41,28.9,27.88,27.22,25.31,21.62,15.98,24.65"
"T2M,2015,29,80,13.84,18.5,21.01,26.12,32.63,33.2,28.11,27.28,26.97,24.69,21.27,16.08,24.14"
"T2M,2016,26,76.875,17.8,20.54,27.4,32.7,36.66,36.19,29.67,27.39,27.05,25.07,20.83,18.39,26.64"
"T2M,2016,26,77.5,17.46,20.35,27.09,32.53,35.96,35.75,29.17,27.16,27.13,25.82,21.44,18.6,26.54"
"T2M,2016,26,78.125,17.54,20.67,27.44,33.05,36.58,36.41,29.74,27.57,27.26,25.84,21.3,17.95,26.78"
"T2M,2016,26,78.75,17.44,21.12,27.69,33.64,36.93,36.92,30.36,28.1,27.85,26.19,21.31,17.59,27.09"
"T2M,2016,26,79.375,17.69,21.39,27.59,33.97,37.17,37.02,30.33,28.48,28.08,25.82,20.92,17.21,27.14"
"T2M,2016,26,80,17.69,21.46,27.46,34.1,37.12,36.81,30.05,28.65,28.1,25.34,20.28,16.74,26.98"
"T2M,2016,26.5,76.875,17.12,19.79,26.89,32.4,36.31,36.29,30.01,27.52,27.28,26,21.11,18.42,26.6"
"T2M,2016,26.5,77.5,17.14,20.18,27.3,32.98,36.55,36.85,30.44,27.89,27.74,26.68,21.3,18.13,26.93"
"T2M,2016,26.5,78.125,17.27,20.59,27.46,33.26,36.84,37.09,30.52,28.18,27.86,26.54,21.2,17.76,27.05"
"T2M,2016,26.5,78.75,17.21,20.79,27.43,33.49,36.85,37.18,30.78,28.41,28.09,26.57,21.09,17.32,27.1"
"T2M,2016,26.5,79.375,17.36,20.98,27.32,33.63,36.89,37.06,30.62,28.62,28.24,26.5,20.95,16.92,27.09"
"T2M,2016,26.5,80,17.38,21.09,27.2,33.72,36.69,36.58,30.11,28.7,28.17,26.37,20.68,16.76,26.95"
"T2M,2016,27,76.875,16.93,19.53,26.54,32.47,36.35,36.79,30.59,27.87,27.83,26.74,21.57,18.32,26.79"
"T2M,2016,27,77.5,16.73,19.78,26.79,32.81,36.44,36.92,30.63,28.18,27.9,26.67,21.12,17.53,26.79"
"T2M,2016,27,78.125,16.89,20.24,27,33.17,36.66,37.24,30.64,28.43,28.01,26.67,21.03,17.41,26.95"
"T2M,2016,27,78.75,16.99,20.47,26.95,33.31,36.57,37.08,30.5,28.5,28.03,26.49,20.9,17.02,26.9"
"T2M,2016,27,79.375,17.1,20.59,26.9,33.39,36.47,36.95,30.27,28.65,28.22,26.53,20.88,16.94,26.91"
"T2M,2016,27,80,17.12,20.75,26.91,33.57,36.3,36.43,29.93,28.76,28.22,26.37,20.76,16.95,26.84"
"T2M,2016,27.5,76.875,16.4,19.04,25.81,32.24,36.19,36.78,30.75,28.14,28.39,26.81,21.46,18.23,26.69"
"T2M,2016,27.5,77.5,16.39,19.4,26.29,32.7,36.27,36.93,30.87,28.5,28.27,26.64,20.9,17.39,26.71"
"T2M,2016,27.5,78.125,16.56,19.78,26.42,32.83,36.34,37.07,30.64,28.52,27.98,26.48,20.78,17.25,26.72"
"T2M,2016,27.5,78.75,16.63,20.07,26.39,32.97,36.09,36.79,30.36,28.52,27.9,26.07,20.57,16.79,26.6"
"T2M,2016,27.5,79.375,16.66,20.34,26.44,33.18,35.82,36.65,30.07,28.62,27.94,25.59,20.35,16.47,26.51"
"T2M,2016,27.5,80,16.69,20.57,26.58,33.36,35.66,36.19,29.75,28.64,27.93,25.25,20.06,16.34,26.42"
"T2M,2016,28,76.875,15.81,18.48,25.02,31.89,35.92,36.64,30.89,28.43,28.66,26.53,21.15,17.52,26.41"
"T2M,2016,28,77.5,15.97,18.99,25.58,32.44,35.89,36.69,30.87,28.58,28.64,26.52,20.67,17.08,26.49"
"T2M,2016,28,78.125,16.1,19.4,25.73,32.56,35.97,36.8,30.6,28.48,28.14,26.24,20.53,16.87,26.45"
"T2M,2016,28,78.75,16.17,19.83,25.91,32.75,35.38,36.38,30.19,28.44,27.69,25.48,20.08,16.39,26.22"
"T2M,2016,28,79.375,16.13,20.11,26.11,32.9,34.82,36.06,29.85,28.5,27.58,24.32,19.46,15.99,25.99"
"T2M,2016,28,80,16.25,20.41,26.35,33.13,34.71,35.64,29.69,28.62,27.7,24.31,19.35,16.19,26.03"
"T2M,2016,28.5,76.875,15.48,18.17,24.66,31.71,35.87,36.7,31.21,28.82,28.84,26.43,20.78,17.08,26.31"
"T2M,2016,28.5,77.5,15.62,18.58,24.93,32.08,35.54,36.47,30.93,28.7,28.81,26.2,20.5,16.76,26.26"
"T2M,2016,28.5,78.125,15.69,19.02,25.14,32.3,35.54,36.6,30.67,28.61,28.44,25.92,20.35,16.66,26.24"
"T2M,2016,28.5,78.75,15.69,19.44,25.38,32.5,34.62,35.93,30.24,28.57,27.9,25.29,19.83,16.28,25.97"
"T2M,2016,28.5,79.375,15.7,19.81,25.79,32.67,33.89,35.33,29.72,28.57,27.41,24.52,19.5,16.08,25.75"
"T2M,2016,28.5,80,15.89,20.11,26.06,32.71,33.58,34.68,29.29,28.61,27.42,24.52,19.54,16.34,25.73"
"T2M,2016,29,76.875,15.06,17.9,24.43,31.47,35.7,36.65,31.59,29.22,29.16,26.26,20.52,16.62,26.22"
"T2M,2016,29,77.5,15.26,18.17,24.55,31.7,35.27,36.25,31.08,28.82,28.88,25.8,20.4,16.47,26.05"
"T2M,2016,29,78.125,15.38,18.75,24.89,31.99,35.06,36.28,30.91,28.96,28.95,25.69,20.21,16.35,26.12"
"T2M,2016,29,78.75,15.61,19.25,25.11,32.06,34.05,35.37,30.32,28.88,28.41,25.63,19.95,16.31,25.91"
"T2M,2016,29,79.375,15.58,19.51,25.06,31.6,32.79,33.93,28.91,28.23,27.11,25.06,20.15,16.61,25.38"
"T2M,2016,29,80,15.39,19.23,24.5,30.81,31.54,32.27,27.91,27.73,26.46,24.18,19.64,16.53,24.68"
"T2M,2017,26,76.875,16.06,20.24,25.56,32.81,36.67,35.44,30.96,29.48,29.24,27.36,21.72,17.94,26.96"
"T2M,2017,26,77.5,16.24,20.11,25.31,32.86,36.35,34.68,29.84,28.67,28.08,26.84,21.47,17.54,26.5"
"T2M,2017,26,78.125,16.31,20.3,25.57,33.27,37,35.71,30.88,29.58,29.03,27.62,21.34,17.84,27.04"
"T2M,2017,26,78.75,16.49,20.54,26.1,33.78,37.54,36.38,30.89,29.8,29.11,27.84,21.63,17.93,27.34"
"T2M,2017,26,79.375,16.54,20.78,26.41,34.05,37.84,37.01,30.61,30.01,29.88,28.49,22.11,18.49,27.68"
"T2M,2017,26,80,16.36,20.68,26.43,34.16,37.94,37.23,30.01,29.84,30.04,28.53,21.99,18.47,27.64"
"T2M,2017,26.5,76.875,15.58,19.47,25.02,32.72,36.36,35.31,30.95,29.75,29.23,27.17,21.49,17.38,26.7"
"T2M,2017,26.5,77.5,15.97,19.71,25.44,33.37,36.89,35.95,31.32,30.03,28.96,27.23,21.03,17.23,26.93"
"T2M,2017,26.5,78.125,16.08,19.84,25.56,33.55,37.31,36.44,31.7,30.46,29.55,27.85,21.23,17.65,27.27"
"T2M,2017,26.5,78.75,16.08,19.93,25.76,33.74,37.45,36.67,31.33,30.27,29.31,27.82,21.17,17.61,27.26"
"T2M,2017,26.5,79.375,16.07,20.08,25.88,33.86,37.5,36.88,30.83,30.23,29.75,28.05,21.23,17.88,27.35"
"T2M,2017,26.5,80,16.09,20.07,25.89,33.86,37.44,36.72,29.85,29.65,29.41,27.87,21.18,17.89,27.16"
"T2M,2017,27,76.875,15.42,19.13,24.88,32.94,36.44,35.62,31.79,30.76,29.92,27.28,21.35,17.29,26.9"
"T2M,2017,27,77.5,15.45,19.16,25,33.21,36.78,36.15,31.84,30.94,29.87,27.03,20.68,16.99,26.93"
"T2M,2017,27,78.125,15.67,19.34,25.13,33.46,37.09,36.44,31.97,31,30.13,27.61,21.04,17.4,27.19"
"T2M,2017,27,78.75,15.69,19.45,25.23,33.59,37.12,36.41,31.37,30.51,29.77,27.56,20.87,17.57,27.1"
"T2M,2017,27,79.375,15.8,19.56,25.37,33.65,37.1,36.22,30.61,30.11,29.63,27.57,20.91,17.64,27.01"
"T2M,2017,27,80,15.93,19.65,25.47,33.65,36.97,36.06,29.75,29.5,28.9,27.12,20.78,17.51,26.77"
"T2M,2017,27.5,76.875,15,18.56,24.36,32.65,36.12,35.14,31.8,31.09,29.78,26.98,20.74,16.96,26.6"
"T2M,2017,27.5,77.5,15.14,18.65,24.59,33.04,36.64,35.78,31.78,31.35,29.83,26.56,20.23,16.52,26.68"
"T2M,2017,27.5,78.125,15.23,18.76,24.6,33.07,36.7,35.78,31.64,31.06,29.94,27.06,20.5,16.88,26.77"
"T2M,2017,27.5,78.75,15.28,18.95,24.72,33.15,36.73,35.67,30.94,30.43,29.58,26.95,20.21,16.98,26.63"
"T2M,2017,27.5,79.375,15.37,19.19,24.92,33.31,36.74,35.69,30.36,29.73,29.18,26.88,20.29,17.1,26.56"
"T2M,2017,27.5,80,15.41,19.28,24.96,33.35,36.48,35.63,29.71,29.2,28.57,26.64,20.24,17.05,26.38"
"T2M,2017,28,76.875,14.46,17.87,23.8,32,35.7,34.52,31.29,30.8,29.16,26.58,20.05,16.2,26.04"
"T2M,2017,28,77.5,14.75,18.21,24.19,32.62,36.31,35.13,31.13,30.86,29.13,26.07,19.56,15.83,26.15"
"T2M,2017,28,78.125,14.84,18.37,24.22,32.61,36.3,35.11,30.93,30.61,29.07,26.28,19.6,16.24,26.18"
"T2M,2017,28,78.75,14.92,18.69,24.37,32.82,36.37,35.21,30.18,29.83,28.77,26.08,19.64,16.31,26.1"
"T2M,2017,28,79.375,14.88,18.79,24.47,32.92,36.3,35.47,29.82,29.06,28.32,25.85,19.82,16.51,26.02"
"T2M,2017,28,80,15.23,19.16,24.62,32.87,35.95,35.39,29.74,28.83,28.09,25.75,19.95,16.82,26.03"
"T2M,2017,28.5,76.875,14.11,17.46,23.54,31.57,35.67,34.66,31.32,30.81,28.84,26.43,19.48,15.51,25.78"
"T2M,2017,28.5,77.5,14.38,17.92,23.81,32.1,35.95,34.95,30.97,30.49,28.53,25.78,19.2,15.36,25.79"
"T2M,2017,28.5,78.125,14.57,18.21,24,32.13,35.96,34.98,30.8,30.27,28.24,25.73,19.26,15.69,25.82"
"T2M,2017,28.5,78.75,14.75,18.67,24.19,32.34,35.87,35.11,30.29,29.6,28.12,25.36,19.33,15.99,25.8"
"T2M,2017,28.5,79.375,14.91,18.9,24.21,32.42,35.7,35.3,29.74,28.81,27.78,25.12,19.5,16.46,25.74"
"T2M,2017,28.5,80,15.3,19.15,24.07,32.1,35.31,34.95,29.38,28.41,27.67,25.33,19.83,16.84,25.7"
"T2M,2017,29,76.875,13.75,17.14,23.22,31.36,35.65,34.8,31.65,31.05,28.57,26.23,19.08,15.07,25.63"
"T2M,2017,29,77.5,14.11,17.78,23.56,31.62,35.71,34.92,31.2,30.53,28.05,25.43,18.92,15.09,25.58"
"T2M,2017,29,78.125,14.32,18.06,23.75,31.69,35.63,35,31.22,30.51,27.92,25.54,19.11,15.54,25.69"
"T2M,2017,29,78.75,14.74,18.73,23.9,31.84,35.27,34.82,30.57,29.71,28.09,25.66,19.63,16.16,25.76"
"T2M,2017,29,79.375,15.17,19.06,23.56,31.37,34.15,33.93,29.2,28.16,27.3,25.09,19.83,16.95,25.31"
"T2M,2017,29,80,15.47,19.15,23.06,30.12,32.72,32.57,28.23,27.27,26.58,24.27,19.45,16.9,24.65"
"T2M,2018,26,76.875,17.47,21.81,26.92,32.57,36.53,36.02,30.69,27.91,25.56,24.49,20.9,15.64,26.38"
"T2M,2018,26,77.5,17.11,21.58,26.79,32.11,36.04,35.64,29.96,27.41,25.36,24.26,20.74,15.87,26.07"
"T2M,2018,26,78.125,17.08,21.85,27.22,32.54,36.55,36.36,30.93,27.93,25.91,24.61,21.05,15.63,26.47"
"T2M,2018,26,78.75,17,22.05,27.77,32.91,36.86,36.98,31.47,28.23,26.32,24.39,20.13,15.39,26.62"
"T2M,2018,26,79.375,17.05,22.17,28.17,33.17,37.02,37.21,31.87,28.45,26.69,24.81,20.42,15.64,26.89"
"T2M,2018,26,80,16.93,22.25,28.32,33.17,36.94,37.24,32.1,28.54,26.93,24.89,20.54,15.65,26.96"
"T2M,2018,26.5,76.875,16.51,21.03,26.44,31.86,35.9,36.11,30.44,27.78,25.59,24.18,20.49,15.09,25.95"
"T2M,2018,26.5,77.5,16.49,21.35,26.95,32.32,36.1,36.64,31.03,28.09,25.97,24.3,20.59,15.34,26.26"
"T2M,2018,26.5,78.125,16.41,21.52,27.24,32.53,36.38,37.07,31.32,28.36,26.31,24.37,20.61,15.35,26.46"
"T2M,2018,26.5,78.75,16.26,21.6,27.47,32.65,36.31,37.22,31.65,28.45,26.48,24.37,20.23,15.27,26.5"
"T2M,2018,26.5,79.375,16.26,21.66,27.64,32.74,36.45,37.27,31.92,28.39,26.66,24.57,20.35,15.37,26.61"
"T2M,2018,26.5,80,16.14,21.71,27.66,32.66,36.46,37.15,31.92,28.31,26.82,24.6,20.23,15.29,26.58"
"T2M,2018,27,76.875,16.08,20.85,26.44,31.57,35.76,36.7,30.95,28.2,26.13,24.94,20.9,15.27,26.15"
"T2M,2018,27,77.5,15.6,20.88,26.62,31.91,35.71,37.11,31.17,28.37,26.37,24.88,20.72,15,26.19"
"T2M,2018,27,78.125,15.67,21.05,26.95,32.03,36.06,37.43,31.29,28.58,26.65,24.66,20.5,15.07,26.33"
"T2M,2018,27,78.75,15.67,21.1,27.09,32.22,35.95,37.41,31.42,28.51,26.69,24.54,20.26,15.07,26.33"
"T2M,2018,27,79.375,15.56,21.06,27.14,32.3,36.09,37.42,31.59,28.4,26.76,24.57,20.2,15.05,26.35"
"T2M,2018,27,80,15.39,21.11,27.18,32.24,36.12,37.29,31.5,28.33,26.85,24.5,20.07,14.94,26.29"
"T2M,2018,27.5,76.875,15.4,20.27,26.14,31.06,35.56,36.71,31.24,28.7,26.6,25.39,20.82,14.9,26.07"
"T2M,2018,27.5,77.5,14.85,20.28,26.34,31.47,35.76,37.25,31.49,28.75,26.84,24.95,20.52,14.58,26.09"
"T2M,2018,27.5,78.125,14.91,20.4,26.46,31.47,35.88,37.26,31.3,28.71,26.9,24.6,20.36,14.52,26.06"
"T2M,2018,27.5,78.75,14.91,20.41,26.59,31.63,35.77,37.28,31.32,28.55,26.76,24.51,20.05,14.48,26.02"
"T2M,2018,27.5,79.375,14.85,20.44,26.74,31.78,35.87,37.36,31.16,28.41,26.73,24.35,19.75,14.44,25.99"
"T2M,2018,27.5,80,14.57,20.47,26.8,31.7,35.82,37.26,30.85,28.26,26.81,24.22,19.66,14.41,25.9"
"T2M,2018,28,76.875,14.52,19.56,25.67,30.71,35.19,36.33,31.42,29,26.85,24.85,20.17,14.41,25.72"
"T2M,2018,28,77.5,14.14,19.72,25.94,31.19,35.72,36.89,31.71,28.8,26.79,24.31,19.96,14.08,25.77"
"T2M,2018,28,78.125,14.25,19.82,26,31.27,35.65,36.89,31.5,28.66,26.72,24.32,19.98,13.98,25.75"
"T2M,2018,28,78.75,14.16,19.91,26.25,31.34,35.68,36.96,31.33,28.52,26.57,23.95,19.25,13.83,25.65"
"T2M,2018,28,79.375,14.02,19.89,26.37,31.34,35.58,36.89,30.94,28.43,26.55,23.79,19,13.72,25.54"
"T2M,2018,28,80,14.08,20.01,26.53,31.19,35.3,36.73,30.53,28.34,26.71,23.64,19.21,14.06,25.53"
"T2M,2018,28.5,76.875,13.82,19.11,25.3,30.82,35.1,35.99,31.72,29.19,27,24.25,19.79,13.83,25.49"
"T2M,2018,28.5,77.5,13.59,19.23,25.49,31.09,35.43,36.37,31.81,28.79,26.62,23.65,19.53,13.57,25.43"
"T2M,2018,28.5,78.125,13.69,19.4,25.71,31.21,35.28,36.34,31.64,28.61,26.46,23.54,19.53,13.48,25.41"
"T2M,2018,28.5,78.75,13.52,19.4,25.93,31.15,35.26,36.41,31.54,28.51,26.38,23.34,19.11,13.53,25.34"
"T2M,2018,28.5,79.375,13.64,19.31,25.98,30.96,35.12,36.08,30.96,28.35,26.45,23.19,19.04,13.9,25.25"
"T2M,2018,28.5,80,13.85,19.35,26.06,30.61,34.58,35.58,30.33,28.09,26.64,23.34,19.26,14.48,25.18"
"T2M,2018,29,76.875,13.21,18.57,24.98,30.75,34.98,35.31,31.71,29.3,26.99,23.63,19.41,13.35,25.18"
"T2M,2018,29,77.5,13.19,18.73,25.1,30.89,35.12,35.64,31.62,28.73,26.39,23.02,19.23,13.21,25.07"
"T2M,2018,29,78.125,13.16,18.91,25.36,30.98,34.99,35.47,31.54,28.6,26.33,22.99,19.22,13.28,25.07"
"T2M,2018,29,78.75,13.37,18.87,25.61,30.78,34.93,35.4,31.37,28.44,26.4,23.67,19.61,14.14,25.22"
"T2M,2018,29,79.375,13.96,18.93,25.35,29.99,34.03,34.23,30.22,27.75,26.15,23.01,19.25,14.64,24.79"
"T2M,2018,29,80,14.2,19.1,24.85,28.78,32.48,32.85,29.13,26.96,25.79,22.27,18.63,14.41,24.12"
"T2M,2019,26,76.875,14.82,18.25,23.98,32.38,35.27,36.6,30.99,28.35,27.61,24.57,22.27,14.53,25.8"
"T2M,2019,26,77.5,14.96,17.88,23.59,32.01,35.02,36.04,30.15,28.57,27.15,24.14,21.84,14.32,25.47"
"T2M,2019,26,78.125,14.61,18.07,24.01,32.31,35.67,37.03,31.15,28.94,27.36,24.42,22.08,14.53,25.85"
"T2M,2019,26,78.75,14.45,17.95,24.05,32.61,36.26,37.52,31.1,29.32,27.69,24.22,21.41,14.36,25.91"
"T2M,2019,26,79.375,14.58,18.32,24.59,32.95,36.61,37.74,31.02,29.27,27.82,24.32,21.05,14.29,26.05"
"T2M,2019,26,80,14.55,18.53,24.57,33.07,36.72,37.82,31,29.22,27.75,24.18,20.68,14.08,26.01"
"T2M,2019,26.5,76.875,14.12,17.43,23.25,31.79,35.04,36.78,31.28,28.72,27.65,24.42,21.85,13.67,25.5"
"T2M,2019,26.5,77.5,14.18,17.33,23.53,32.16,35.66,37.42,31.68,29.49,27.73,24.32,21.82,13.99,25.78"
"T2M,2019,26.5,78.125,14.26,17.49,23.86,32.3,35.99,37.84,32.11,29.58,27.83,24.44,21.92,14.24,25.99"
"T2M,2019,26.5,78.75,14.27,17.61,23.88,32.43,36.16,37.91,31.83,29.7,27.87,24.17,21.31,14.13,25.94"
"T2M,2019,26.5,79.375,14.35,17.8,23.95,32.53,36.25,37.81,31.39,29.4,27.82,24.1,21.2,14.23,25.9"
"T2M,2019,26.5,80,14.3,17.94,23.83,32.57,36.29,37.69,30.93,29.11,27.65,23.93,20.57,13.85,25.72"
"T2M,2019,27,76.875,13.97,16.91,22.92,31.63,35.16,37.59,32.44,29.43,28.02,25.2,22.1,13.61,25.75"
"T2M,2019,27,77.5,13.8,16.84,23.02,31.82,35.63,37.91,32.68,29.88,28.03,24.85,22.02,13.73,25.85"
"T2M,2019,27,78.125,13.97,17.12,23.33,31.96,35.73,38.31,32.84,29.88,28.01,24.8,22.01,14.07,26"
"T2M,2019,27,78.75,14.1,17.33,23.47,32.07,35.8,38.08,32.32,29.67,27.92,24.27,21.66,14.02,25.89"
"T2M,2019,27,79.375,14.2,17.47,23.48,32.12,35.87,37.81,31.48,29.36,27.81,24.16,21.56,14.04,25.78"
"T2M,2019,27,80,14.27,17.64,23.37,32.14,35.98,37.63,30.92,29.11,27.6,23.88,20.74,13.75,25.59"
"T2M,2019,27.5,76.875,13.54,16.46,22.29,31.23,34.71,37.68,33.26,29.87,28.73,25.74,21.89,13.27,25.72"
"T2M,2019,27.5,77.5,13.44,16.57,22.48,31.54,35.27,38.25,33.58,30.1,28.74,25.71,22.11,13.49,25.94"
"T2M,2019,27.5,78.125,13.61,16.8,22.75,31.52,35.08,38.3,33.36,29.84,28.44,25.64,22.14,13.83,25.94"
"T2M,2019,27.5,78.75,13.76,16.88,22.79,31.51,35.28,38.11,32.62,29.55,28.19,25.22,21.95,13.88,25.81"
"T2M,2019,27.5,79.375,13.89,17,22.85,31.62,35.54,37.79,31.47,29.24,27.87,24.84,21.72,13.88,25.64"
"T2M,2019,27.5,80,14.03,17.18,22.84,31.57,35.63,37.42,30.89,28.98,27.54,24.01,20.81,13.59,25.37"
"T2M,2019,28,76.875,13.07,15.7,21.57,30.8,33.96,37.47,33.48,30.03,29.29,25.56,21.4,12.84,25.43"
"T2M,2019,28,77.5,13.06,15.99,21.81,31.08,34.61,37.98,33.82,30.03,29.37,25.81,21.81,13.17,25.71"
"T2M,2019,28,78.125,13.22,16.29,22.09,31.05,34.42,37.98,33.49,29.72,29.02,25.69,21.76,13.42,25.68"
"T2M,2019,28,78.75,13.33,16.39,22.22,31.02,34.78,37.77,32.54,29.27,28.41,25.46,21.7,13.55,25.54"
"T2M,2019,28,79.375,13.5,16.52,22.33,31.05,35.08,37.35,31.25,29.05,27.77,24.88,21.49,13.64,25.33"
"T2M,2019,28,80,14,16.89,22.55,31.03,35.26,36.88,30.86,28.97,27.68,24.25,20.99,13.7,25.25"
"T2M,2019,28.5,76.875,12.64,15.26,21.08,30.65,33.57,37.48,33.59,30.25,29.68,25.47,21.05,12.61,25.28"
"T2M,2019,28.5,77.5,12.75,15.51,21.32,30.71,34.24,37.68,33.62,30.05,29.6,25.54,21.31,12.88,25.43"
"T2M,2019,28.5,78.125,12.94,15.89,21.65,30.77,34.18,37.65,33.37,29.85,29.25,25.39,21.3,13.19,25.45"
"T2M,2019,28.5,78.75,13.22,16.16,21.95,30.57,34.46,37.18,32.48,29.43,28.59,25.28,21.36,13.3,25.33"
"T2M,2019,28.5,79.375,13.65,16.5,22.17,30.44,34.75,36.62,31.19,29.03,27.75,24.67,21.1,13.38,25.1"
"T2M,2019,28.5,80,14.25,16.84,22.29,30.14,34.76,36.01,30.61,28.84,27.43,24.03,20.59,13.48,24.94"
"T2M,2019,29,76.875,12.33,14.94,20.78,30.49,33.43,37.34,33.48,30.31,29.71,25.1,20.58,12.46,25.08"
"T2M,2019,29,77.5,12.57,15.3,20.97,30.52,34,37.36,33.15,29.82,29.29,25.06,20.72,12.72,25.12"
"T2M,2019,29,78.125,12.84,15.8,21.38,30.5,34.07,37.22,33.14,30.02,29.21,25.1,20.85,13.05,25.26"
"T2M,2019,29,78.75,13.62,16.46,21.83,30.25,34.25,36.53,32.17,29.58,28.49,25.15,21.09,13.3,25.23"
"T2M,2019,29,79.375,14.14,16.55,21.63,29.35,33.64,35.23,30.49,28.46,27.07,24.22,20.88,13.59,24.6"
"T2M,2019,29,80,14.03,16.24,20.93,28.18,32.56,33.68,29.33,27.75,26.19,23.09,20.21,13.3,23.79"
"T2M,2020,26,76.875,14.54,18.01,23.31,31.18,35.73,35.07,32.84,29.75,30.1,27.7,20.94,17.28,26.37"
"T2M,2020,26,77.5,14.08,17.77,22.98,30.62,35.14,33.92,31.11,28.82,29.53,27.78,20.51,17.21,25.79"
"T2M,2020,26,78.125,14.18,17.74,23.26,30.85,35.49,34.45,32.18,29.73,30.55,27.84,20.91,17.36,26.21"
"T2M,2020,26,78.75,13.89,17.5,23.57,30.87,35.66,34.28,31.57,29.37,30.18,28.13,21.16,17.6,26.15"
"T2M,2020,26,79.375,13.64,17.4,23.88,31.03,35.71,34.01,30.75,29.3,29.73,28.03,21.36,17.94,26.07"
"T2M,2020,26,80,13.38,17.08,23.89,30.75,35.37,33.33,30.18,29.18,29.1,27.37,21.22,17.63,25.71"
"T2M,2020,26.5,76.875,13.84,17.45,22.6,30.48,35.15,35.08,32.96,29.63,29.73,27.05,20.45,16.81,25.94"
"T2M,2020,26.5,77.5,13.93,17.35,22.79,30.39,35.44,35.25,32.86,29.85,30.4,27.29,20.77,17.01,26.11"
"T2M,2020,26.5,78.125,14.01,17.44,23.16,30.61,35.54,35.23,33.04,30.14,30.79,27.66,21.01,17.17,26.32"
"T2M,2020,26.5,78.75,13.67,17.17,23.35,30.5,35.41,34.87,32.14,29.72,30.61,27.87,21.03,17.2,26.13"
"T2M,2020,26.5,79.375,13.54,17.09,23.56,30.39,35.19,34.35,31.09,29.37,30.25,27.87,21.01,17.25,25.91"
"T2M,2020,26.5,80,13.23,16.78,23.49,30.16,34.83,33.6,30.23,29.05,29.3,27.49,20.93,16.92,25.5"
"T2M,2020,27,76.875,13.78,17.26,22.1,29.85,34.95,35.42,33.58,30.15,30.15,26.65,20.54,16.9,25.94"
"T2M,2020,27,77.5,13.7,16.95,22.44,29.71,35.07,35.62,33.38,30.4,30.81,26.92,20.62,16.74,26.03"
"T2M,2020,27,78.125,13.82,17.05,22.86,30.04,35.14,35.42,33.31,30.35,30.96,27.35,20.84,17.05,26.18"
"T2M,2020,27,78.75,13.61,16.91,23.03,30.05,34.88,35,32.31,29.84,30.87,27.63,20.9,17.07,26.01"
"T2M,2020,27,79.375,13.53,16.84,23.13,29.98,34.47,34.34,31.17,29.36,30.56,27.58,20.88,16.97,25.73"
"T2M,2020,27,80,13.22,16.55,23.1,29.85,34.19,33.58,30.31,29.02,29.76,27.26,20.74,16.81,25.37"
"T2M,2020,27.5,76.875,13.29,16.85,21.7,29.09,34.45,35.31,33.62,30.37,30.24,26.46,20.24,16.5,25.68"
"T2M,2020,27.5,77.5,13.42,16.6,22.21,29.25,34.67,35.84,33.74,30.79,31.12,26.93,20.48,16.36,25.95"
"T2M,2020,27.5,78.125,13.59,16.7,22.42,29.53,34.62,35.42,33.28,30.41,31,27.25,20.63,16.53,25.95"
"T2M,2020,27.5,78.75,13.52,16.59,22.54,29.47,34.22,34.99,32.41,30.04,31.04,27.35,20.66,16.59,25.78"
"T2M,2020,27.5,79.375,13.54,16.51,22.7,29.34,33.68,34.32,31.27,29.23,30.62,27.37,20.62,16.61,25.48"
"T2M,2020,27.5,80,13.25,16.29,22.72,29.18,33.27,33.47,30.34,28.87,29.8,27.08,20.5,16.44,25.1"
"T2M,2020,28,76.875,12.62,16.39,21.12,28.55,33.87,35.06,33.29,30.25,29.96,26.3,19.67,15.67,25.23"
"T2M,2020,28,77.5,13,16.25,21.75,28.77,34.11,35.57,33.57,30.64,30.83,26.61,19.99,15.78,25.57"
"T2M,2020,28,78.125,13.2,16.26,21.92,28.91,34.13,35.17,33.02,30.14,30.55,26.63,20.12,15.9,25.5"
"T2M,2020,28,78.75,13.26,16.21,22.07,28.83,33.57,34.73,32.31,29.78,30.59,26.87,20.3,16.1,25.39"
"T2M,2020,28,79.375,13.33,16,22.04,28.53,32.64,33.99,31.09,28.93,29.96,26.98,20.31,16.3,25.01"
"T2M,2020,28,80,13.3,15.9,21.9,28.34,31.68,33.06,30.19,28.68,29.36,26.98,20.36,16.49,24.69"
"T2M,2020,28.5,76.875,12.31,15.94,20.82,28.13,33.53,34.94,33.14,30.04,29.77,26.11,19.21,15.14,24.92"
"T2M,2020,28.5,77.5,12.7,15.86,21.23,28.32,33.64,35.01,32.92,30.11,30.31,26.24,19.59,15.35,25.11"
"T2M,2020,28.5,78.125,12.97,15.97,21.54,28.42,33.64,34.72,32.54,29.7,29.97,26.22,19.8,15.54,25.09"
"T2M,2020,28.5,78.75,13.13,15.88,21.56,28.27,32.74,34.14,31.91,29.46,30.06,26.41,19.97,15.86,24.95"
"T2M,2020,28.5,79.375,13.15,15.67,21.18,27.91,31.26,33.15,30.69,28.76,29.38,26.67,20.15,16.09,24.51"
"T2M,2020,28.5,80,13.09,15.63,20.71,27.22,29.72,31.92,29.59,28.38,28.79,26.81,20.4,16.23,24.04"
"T2M,2020,29,76.875,12.08,15.5,20.45,27.74,33.1,34.75,32.9,29.85,29.3,25.87,18.7,14.68,24.58"
"T2M,2020,29,77.5,12.4,15.54,20.77,27.83,33.17,34.49,32.09,29.41,29.43,25.78,19.14,14.93,24.58"
"T2M,2020,29,78.125,12.76,15.76,21.1,27.91,33.03,34.19,31.95,29.3,29.34,25.96,19.48,15.05,24.65"
"T2M,2020,29,78.75,13.1,15.88,21.18,27.8,32.06,33.52,31.12,29,29.41,26.44,19.86,15.55,24.58"
"T2M,2020,29,79.375,12.95,15.54,20.47,26.91,30.03,31.65,29.46,27.97,28.47,26.4,20.13,16.21,23.85"
"T2M,2020,29,80,12.51,14.89,19.46,25.38,27.76,29.58,28.03,27.17,27.39,25.64,19.99,16.69,22.87"
"T2M,2021,26,76.875,16.58,21.52,27.87,31.99,33.65,35.44,32.02,27.86,27.24,25.18,19.96,16.19,26.29"
"T2M,2021,26,77.5,16.65,21.59,27.57,31.66,32.75,34.54,31.62,27.68,26.95,25.23,19.83,16.22,26.02"
"T2M,2021,26,78.125,16.16,21.62,27.85,31.96,33.14,35,32.17,28.09,27.18,25.35,19.8,15.88,26.18"
"T2M,2021,26,78.75,16.66,21.8,28.2,32.22,33.23,34.43,32.17,28.68,27.53,25.15,19.02,15.44,26.21"
"T2M,2021,26,79.375,16.98,21.86,28.44,32.22,33.35,33.78,31.66,28.92,27.76,25.21,18.77,15.14,26.17"
"T2M,2021,26,80,17,21.71,28.52,32.12,33.34,33.18,31.31,28.88,27.85,25.08,18.56,14.98,26.04"
"T2M,2021,26.5,76.875,15.36,21.16,27.44,31.43,32.9,35.22,32.03,28,27.22,25.08,19.69,15.54,25.92"
"T2M,2021,26.5,77.5,15.6,21.55,27.78,31.91,33.14,35.44,32.64,28.33,27.45,25.5,19.87,15.81,26.25"
"T2M,2021,26.5,78.125,15.5,21.43,27.85,32.11,33.22,35.33,32.73,28.52,27.58,25.38,19.65,15.55,26.24"
"T2M,2021,26.5,78.75,15.82,21.39,27.87,32.09,33,34.47,32.59,28.86,27.77,25.38,19.35,15.41,26.17"
"T2M,2021,26.5,79.375,16.16,21.36,27.91,31.86,32.94,33.72,32.04,28.97,27.8,25.15,18.96,15.3,26.01"
"T2M,2021,26.5,80,16.41,21.22,27.95,31.65,32.82,33.05,31.6,28.88,27.75,24.88,18.4,14.97,25.8"
"T2M,2021,27,76.875,14.68,20.74,27.3,31.14,32.86,34.82,32.5,28.32,27.27,25.28,19.75,15.23,25.82"
"T2M,2021,27,77.5,14.5,20.62,27.37,31.45,32.89,34.84,32.79,28.59,27.65,25.77,19.48,15.08,25.92"
"T2M,2021,27,78.125,14.63,20.62,27.46,31.85,32.9,34.66,32.81,28.73,27.66,25.43,19.26,15.1,25.93"
"T2M,2021,27,78.75,15.02,20.85,27.46,31.81,32.66,33.84,32.67,28.92,27.83,25.52,19.13,15.14,25.9"
"T2M,2021,27,79.375,15.49,20.94,27.47,31.59,32.47,33.29,32.32,29.04,27.96,25.42,19.05,15.17,25.85"
"T2M,2021,27,80,16.01,20.91,27.55,31.38,32.37,32.87,32.05,29.03,27.94,25.02,18.69,15.15,25.75"
"T2M,2021,27.5,76.875,13.9,19.91,26.63,30.52,32.47,34.22,32.54,28.6,27.25,25.15,19.38,14.6,25.43"
"T2M,2021,27.5,77.5,13.87,19.78,26.92,30.9,32.67,34.28,32.76,28.92,27.84,25.52,19.03,14.6,25.59"
"T2M,2021,27.5,78.125,14.01,19.9,27,31.13,32.45,33.94,32.48,28.79,27.62,24.88,18.67,14.65,25.46"
"T2M,2021,27.5,78.75,14.35,20.08,27.06,31.2,32.2,33.09,32.19,28.89,27.82,25.32,18.68,14.78,25.47"
"T2M,2021,27.5,79.375,14.89,20.41,27.16,31.09,32.01,32.53,32.04,29,27.97,25.21,18.47,14.83,25.47"
"T2M,2021,27.5,80,15.56,20.56,27.16,30.97,31.88,32.29,31.83,28.98,27.87,24.84,18.09,14.78,25.4"
"T2M,2021,28,76.875,13.07,19.12,25.9,29.88,32.04,33.65,32.27,28.82,27.17,24.64,18.7,13.8,24.92"
"T2M,2021,28,77.5,13.39,19.16,26.35,30.38,32.26,33.73,32.37,28.99,27.54,24.82,18.28,13.98,25.1"
"T2M,2021,28,78.125,13.57,19.27,26.42,30.53,32.1,33.39,32.05,28.73,27.37,24.33,17.74,13.93,24.95"
"T2M,2021,28,78.75,14.06,19.56,26.67,30.67,31.91,32.39,31.81,28.71,27.5,24.5,17.52,14.06,24.95"
"T2M,2021,28,79.375,14.66,19.93,26.82,30.66,31.56,31.44,31.4,28.66,27.57,24.39,17.1,14.03,24.85"
"T2M,2021,28,80,15.55,20.31,26.94,30.67,31.29,31.18,31.01,28.6,27.64,24.33,16.86,14.08,24.87"
"T2M,2021,28.5,76.875,12.82,18.65,25.58,29.56,31.99,33.56,32.18,28.99,27.11,24.14,18.02,13.35,24.66"
"T2M,2021,28.5,77.5,13.23,18.74,25.93,29.95,31.91,33.3,32.05,28.91,27.23,24.13,17.55,13.49,24.7"
"T2M,2021,28.5,78.125,13.52,18.81,26.07,30.17,31.73,32.98,31.72,28.67,27.15,23.85,17.02,13.28,24.58"
"T2M,2021,28.5,78.75,14.07,19.09,26.36,30.31,31.51,31.94,31.46,28.65,27.37,23.99,16.86,13.64,24.6"
"T2M,2021,28.5,79.375,14.82,19.75,26.53,30.41,31.07,30.94,30.82,28.52,27.47,24.29,16.78,13.85,24.6"
"T2M,2021,28.5,80,15.5,20.29,26.51,30.3,30.56,30.41,30.03,28.3,27.44,24.35,16.8,13.93,24.53"
"T2M,2021,29,76.875,12.64,18.29,25.41,29.34,31.91,33.51,32.04,29.09,27.1,23.78,17.34,13.01,24.46"
"T2M,2021,29,77.5,13.21,18.43,25.62,29.63,31.5,33.01,31.76,28.78,27.14,23.63,16.9,13.02,24.39"
"T2M,2021,29,78.125,13.52,18.58,25.77,29.91,31.42,32.71,31.52,28.65,27.27,23.56,16.77,13.15,24.4"
"T2M,2021,29,78.75,14.35,19.13,25.92,29.95,31.09,31.84,31.26,28.68,27.5,24.23,17.29,13.92,24.6"
"T2M,2021,29,79.375,15.33,19.45,25.57,29.45,30.05,30.43,30.07,27.87,27,24.37,17.44,14.29,24.28"
"T2M,2021,29,80,15.78,19.22,24.91,28.44,28.63,29.09,28.81,27.13,26.33,23.89,17.3,14.17,23.64"
"T2M,2022,26,76.875,14.28,18.71,27.75,34.29,36.76,35.29,30.89,27.46,27.45,23.79,19.84,16.91,26.12"
"T2M,2022,26,77.5,13.92,18.78,27.73,34.22,36.36,34.94,30.47,27.15,27.12,23.64,19.96,16.89,25.93"
"T2M,2022,26,78.125,13.86,18.45,27.43,34.59,36.7,35.77,31.38,27.65,27.44,23.85,20.2,16.75,26.17"
"T2M,2022,26,78.75,13.42,17.93,27.18,34.99,36.85,36.15,31.8,28.19,27.87,24.17,19.87,16.3,26.23"
"T2M,2022,26,79.375,13.22,17.65,27.23,35.18,36.67,36.31,32.03,28.54,28.1,24.33,19.47,15.81,26.21"
"T2M,2022,26,80,13.2,17.5,27.07,35.11,36.4,36.73,32.25,28.7,28.11,24.36,19.08,15.46,26.16"
"T2M,2022,26.5,76.875,13.53,17.84,27.26,34.03,36.44,35.24,30.95,27.73,27.85,23.9,20.32,16.45,25.96"
"T2M,2022,26.5,77.5,13.87,18.19,26.99,34.54,36.8,36.17,31.82,28.03,27.98,24.01,20.39,16.4,26.27"
"T2M,2022,26.5,78.125,13.74,17.96,27.02,34.71,36.89,36.33,32.11,28.31,28.18,24.22,20.39,16.29,26.35"
"T2M,2022,26.5,78.75,13.54,17.49,26.76,34.86,36.71,36.49,32.2,28.49,28.16,24.23,19.83,15.95,26.23"
"T2M,2022,26.5,79.375,13.38,17,26.35,34.64,36.17,36.56,32.24,28.62,28.19,24.22,19.4,15.69,26.04"
"T2M,2022,26.5,80,13.07,16.63,26.19,34.45,35.78,36.82,32.21,28.7,28.09,24.12,18.9,15.13,25.84"
"T2M,2022,27,76.875,13.42,17.47,26.43,34.08,36.4,35.77,31.71,28.65,28.88,24.26,20.87,16.37,26.19"
"T2M,2022,27,77.5,13.45,17.3,26.02,34.08,36.46,36.37,32.31,29,28.88,23.98,20.16,15.77,26.15"
"T2M,2022,27,78.125,13.42,17.07,26.26,34.37,36.55,36.48,32.35,29.06,28.98,24.11,20,15.79,26.2"
"T2M,2022,27,78.75,13.37,16.71,26.03,34.29,36.16,36.59,32.37,29.01,28.73,24.13,19.49,15.53,26.03"
"T2M,2022,27,79.375,13.29,16.45,25.85,34.1,35.62,36.68,32.24,29.11,28.73,24.23,19.4,15.48,25.93"
"T2M,2022,27,80,13.1,16.33,25.87,34.08,35.13,36.74,32.17,29.24,28.63,24.19,19.13,15.23,25.82"
"T2M,2022,27.5,76.875,12.97,16.67,25.85,33.75,36.11,35.91,32.12,29.69,29.46,24.26,20.4,15.87,26.09"
"T2M,2022,27.5,77.5,13.06,16.52,25.64,33.79,36.15,36.52,32.92,30.43,29.65,23.98,19.46,15.06,26.1"
"T2M,2022,27.5,78.125,12.93,16.28,25.8,33.91,35.93,36.45,32.56,30.14,29.52,23.97,19.24,15.08,25.98"
"T2M,2022,27.5,78.75,12.99,15.94,25.47,33.66,35.52,36.55,32.63,30.28,29.37,24.01,18.95,14.83,25.85"
"T2M,2022,27.5,79.375,12.9,15.6,25.24,33.39,35.06,36.7,32.36,30.25,29.36,24.3,19.19,15.07,25.78"
"T2M,2022,27.5,80,12.8,15.46,25.11,33.21,34.53,36.56,32.15,30.12,29.03,24.32,19.2,15.05,25.63"
"T2M,2022,28,76.875,12.39,15.79,25.18,33.1,35.53,35.79,32.05,30.17,29.65,24.06,19.75,15.17,25.72"
"T2M,2022,28,77.5,12.49,15.83,25.23,33.27,35.55,36.27,32.94,31.11,29.86,23.79,18.9,14.55,25.82"
"T2M,2022,28,78.125,12.28,15.56,25.13,33.24,35.3,36.23,32.59,30.82,29.69,23.78,18.68,14.57,25.66"
"T2M,2022,28,78.75,12.39,15.29,24.97,33,35.05,36.38,32.68,31.02,29.54,23.83,18.46,14.24,25.57"
"T2M,2022,28,79.375,12.34,14.78,24.59,32.56,34.64,36.49,32.4,30.87,29.51,24.01,18.66,14.52,25.45"
"T2M,2022,28,80,12.43,14.84,24.56,32.42,34.01,36.24,32.13,30.64,29.19,24.03,18.83,14.74,25.34"
"T2M,2022,28.5,76.875,12,15.12,24.72,32.68,35.17,35.8,32.02,30.24,29.66,23.74,19.25,14.72,25.43"
"T2M,2022,28.5,77.5,11.98,15.12,24.71,32.77,35.01,35.89,32.66,31.09,29.7,23.58,18.49,14.31,25.44"
"T2M,2022,28.5,78.125,11.85,14.82,24.57,32.6,34.8,35.86,32.32,30.74,29.55,23.6,18.37,14.37,25.29"
"T2M,2022,28.5,78.75,12.02,14.74,24.5,32.26,34.51,35.93,32.62,31.32,29.5,23.62,18.31,14.25,25.3"
"T2M,2022,28.5,79.375,12.23,14.59,24.26,31.87,34.05,36.1,32.3,31.08,29.2,23.67,18.59,14.54,25.21"
"T2M,2022,28.5,80,12.27,14.63,24.09,31.61,33.27,35.77,31.77,30.44,28.53,23.61,18.74,14.69,24.95"
"T2M,2022,29,76.875,11.69,14.58,24.38,32.25,34.89,35.63,31.75,29.5,29.27,23.32,18.5,14.15,24.99"
"T2M,2022,29,77.5,11.57,14.41,24.27,32.18,34.65,35.53,32.02,30.55,29.4,23.26,18.1,14.12,25.01"
"T2M,2022,29,78.125,11.78,14.46,24.19,32.05,34.3,35.47,31.89,30.11,29.23,23.27,18.08,14.13,24.91"
"T2M,2022,29,78.75,12.36,14.84,24.41,31.77,34.01,35.39,32.08,31,29.18,23.53,18.82,14.74,25.18"
"T2M,2022,29,79.375,12.45,14.71,24.27,31.09,32.95,34.79,31.31,30.23,28.09,23.18,18.97,15.36,24.78"
"T2M,2022,29,80,12.21,14.33,23.71,30.18,31.22,33.65,30.06,29,26.93,22.51,18.6,15.37,23.98"
"T2M,2023,26,76.875,14.27,20.62,25.65,30.09,32.77,32.81,29.56,28,28,26.46,21.4,17.2,25.57"
"T2M,2023,26,77.5,14.46,20.95,25.55,29.94,32.22,32.57,29.2,27.53,27.44,25.6,21.15,16.81,25.29"
"T2M,2023,26,78.125,14.63,20.67,25.58,30.42,32.77,33.42,29.71,27.88,27.77,26.12,21.55,17.11,25.64"
"T2M,2023,26,78.75,14.72,20.58,25.93,30.86,33.15,34.1,30.15,28.26,28.01,25.93,21.89,17.32,25.91"
"T2M,2023,26,79.375,14.5,20.42,26.2,30.99,33.28,34.68,30.57,28.59,28.36,26.18,22.21,17.44,26.12"
"T2M,2023,26,80,14.28,20.28,25.98,30.75,33.12,35.13,30.72,28.73,28.42,26.29,22.32,17.35,26.11"
"T2M,2023,26.5,76.875,13.7,20.45,25.26,29.64,32.54,32.59,30.03,28.39,28.43,26.28,21.19,16.65,25.43"
"T2M,2023,26.5,77.5,14.21,20.43,25.53,30.25,33.08,33.52,30.42,28.5,28.31,26.48,21.35,16.97,25.75"
"T2M,2023,26.5,78.125,14.43,20.5,25.72,30.57,33.17,33.93,30.59,28.62,28.42,26.62,21.72,17.17,25.95"
"T2M,2023,26.5,78.75,14.42,20.33,25.82,30.65,33.17,34.23,30.57,28.59,28.34,26.43,21.91,17.25,25.98"
"T2M,2023,26.5,79.375,14.31,20.07,25.77,30.54,32.88,34.67,30.58,28.71,28.42,26.44,22.01,17.32,25.98"
"T2M,2023,26.5,80,14.05,19.78,25.51,30.27,32.6,34.96,30.44,28.78,28.31,26.25,22.06,17.22,25.85"
"T2M,2023,27,76.875,13.74,20.27,24.88,29.5,32.64,33.19,30.99,29.31,29.08,26.67,21.2,16.79,25.69"
"T2M,2023,27,77.5,13.68,19.88,24.85,29.7,32.75,33.95,31.11,29.11,28.65,26.42,21.13,16.78,25.67"
"T2M,2023,27,78.125,14.03,19.96,25.13,30.1,32.91,34.2,31.04,29.16,28.71,26.74,21.55,17.08,25.88"
"T2M,2023,27,78.75,14.12,19.85,25.2,30.05,32.69,34.38,30.63,28.87,28.31,26.33,21.68,17.1,25.77"
"T2M,2023,27,79.375,14.14,19.74,25.31,29.97,32.45,34.62,30.53,29.06,28.32,26.17,21.78,17.15,25.77"
"T2M,2023,27,80,14.09,19.63,25.27,29.88,32.36,34.95,30.4,29.2,28.2,25.88,21.81,17.13,25.73"
"T2M,2023,27.5,76.875,13.33,19.96,24.25,28.96,32.17,33.26,31.2,29.94,29.26,26.4,21.05,16.63,25.53"
"T2M,2023,27.5,77.5,13.14,19.4,24.35,29.05,32.28,34.23,31.38,29.55,28.75,26.15,21.09,16.61,25.5"
"T2M,2023,27.5,78.125,13.5,19.42,24.49,29.29,32.3,34.19,31.04,29.3,28.73,26.48,21.36,16.81,25.58"
"T2M,2023,27.5,78.75,13.56,19.31,24.49,29.18,32.14,34.4,30.78,29.08,28.19,26.05,21.36,16.77,25.44"
"T2M,2023,27.5,79.375,13.8,19.35,24.76,29.25,32.17,34.6,30.62,29.31,28.14,25.77,21.45,16.82,25.5"
"T2M,2023,27.5,80,13.89,19.2,24.79,29.23,32.15,34.83,30.45,29.29,27.99,25.4,21.44,16.79,25.45"
"T2M,2023,28,76.875,12.54,19.3,23.72,28.16,31.39,33.02,30.89,30.13,29.28,25.82,20.74,16.22,25.1"
"T2M,2023,28,77.5,12.67,18.99,23.91,28.31,31.58,33.99,31.06,29.64,28.57,25.44,20.8,16.21,25.1"
"T2M,2023,28,78.125,13,18.87,23.95,28.44,31.64,33.86,30.69,29.26,28.57,25.74,20.98,16.36,25.11"
"T2M,2023,28,78.75,13.13,18.77,24.03,28.38,31.54,34.28,30.54,28.95,27.96,25.28,20.98,16.41,25.02"
"T2M,2023,28,79.375,13.47,18.83,24.19,28.45,31.58,34.44,30.35,28.95,27.81,25,21.11,16.51,25.06"
"T2M,2023,28,80,13.77,18.97,24.32,28.52,31.77,34.63,30.25,28.98,27.77,24.86,21.33,16.63,25.15"
"T2M,2023,28.5,76.875,12.17,18.82,23.45,27.66,30.86,33.07,30.57,30.17,29.38,25.55,20.47,15.79,24.83"
"T2M,2023,28.5,77.5,12.4,18.7,23.56,27.79,30.96,33.69,30.5,29.4,28.3,24.76,20.54,15.9,24.71"
"T2M,2023,28.5,78.125,12.84,18.56,23.64,27.87,31.02,33.59,30.28,29.1,28.42,25.25,20.75,16.19,24.79"
"T2M,2023,28.5,78.75,13.13,18.5,23.71,27.92,30.88,34.13,30.21,28.8,27.9,24.79,20.71,16.28,24.75"
"T2M,2023,28.5,79.375,13.5,18.56,23.78,27.98,30.8,34.23,29.96,28.62,27.73,24.48,20.92,16.51,24.76"
"T2M,2023,28.5,80,13.7,18.56,23.78,27.91,30.71,34.09,29.69,28.44,27.57,24.51,21.21,16.74,24.74"
"T2M,2023,29,76.875,11.91,18.35,23.15,27.26,30.44,33.03,30.24,29.96,29.15,25.11,20.25,15.41,24.52"
"T2M,2023,29,77.5,12.48,18.44,23.24,27.36,30.41,33.32,29.89,28.97,27.68,23.65,20.15,15.64,24.27"
"T2M,2023,29,78.125,12.95,18.34,23.35,27.44,30.59,33.4,29.89,28.81,28.1,24.67,20.64,16.14,24.53"
"T2M,2023,29,78.75,13.7,18.56,23.47,27.54,30.37,33.64,29.67,28.5,27.91,24.64,20.98,16.47,24.62"
"T2M,2023,29,79.375,14.19,18.84,23.15,27.24,29.74,33.05,28.89,27.89,27.23,24.05,21,16.76,24.34"
"T2M,2023,29,80,14.14,18.46,22.3,26.48,28.82,32.07,28.17,27.24,26.61,23.36,20.53,16.29,23.71"
"T2M,2024,26,76.875,14.95,18.94,24.95,31.63,37.16,36.49,29.91,27.63,27.36,25.3,20,15.19,25.79"
"T2M,2024,26,77.5,14.5,18.81,24.46,31.31,36.55,36.05,29.45,27.45,26.95,25.19,20.67,15.53,25.58"
"T2M,2024,26,78.125,14.27,18.51,24.67,31.78,36.62,36.77,29.99,27.93,27.22,25.27,20.1,15.06,25.68"
"T2M,2024,26,78.75,14.36,18.7,24.68,32.19,36.93,37.26,30.59,28.46,27.67,25.61,20.22,15.15,25.99"
"T2M,2024,26,79.375,14.62,18.99,24.76,32.51,36.9,37.46,31.24,28.77,27.9,25.86,20.53,15.42,26.25"
"T2M,2024,26,80,14.75,19.05,24.74,32.67,36.65,37.69,31.72,28.9,28.09,26.12,20.98,15.8,26.43"
"T2M,2024,26.5,76.875,13.91,18.33,24.46,31.28,36.9,36.66,30.01,27.68,27.29,25.43,20.4,15.22,25.63"
"T2M,2024,26.5,77.5,13.92,18.32,24.44,31.71,37.1,37.25,30.1,28.1,27.59,25.53,20.57,15.34,25.83"
"T2M,2024,26.5,78.125,14,18.45,24.71,31.96,37.03,37.61,30.39,28.4,27.74,25.64,20.36,15.24,25.96"
"T2M,2024,26.5,78.75,14.07,18.49,24.47,32.11,36.87,37.7,30.64,28.65,27.87,25.65,20.24,15.2,26"
"T2M,2024,26.5,79.375,14.22,18.54,24.36,32.25,36.61,37.72,31.21,28.75,27.92,25.71,20.42,15.39,26.09"
"T2M,2024,26.5,80,14.26,18.5,24.32,32.34,36.29,37.81,31.46,28.75,27.98,25.85,20.87,15.73,26.18"
"T2M,2024,27,76.875,13.53,18.07,24.26,31.19,36.86,37.36,30.65,27.9,27.55,25.72,21.07,15.41,25.8"
"T2M,2024,27,77.5,13.35,17.91,23.98,31.4,36.87,37.67,30.47,28.29,27.87,25.72,20.85,15.3,25.81"
"T2M,2024,27,78.125,13.65,18.23,24.32,31.7,36.83,37.94,30.57,28.49,27.92,25.62,20.51,15.2,25.92"
"T2M,2024,27,78.75,13.75,18.18,24.11,31.79,36.53,37.81,30.4,28.57,27.91,25.47,20.26,15.21,25.83"
"T2M,2024,27,79.375,13.9,18.19,24.07,31.99,36.25,37.76,30.48,28.69,27.95,25.49,20.46,15.44,25.89"
"T2M,2024,27,80,13.99,18.13,24.22,32.17,36.06,37.78,30.48,28.74,27.99,25.63,20.82,15.72,25.98"
"T2M,2024,27.5,76.875,13.28,17.61,23.84,30.75,36.57,37.66,31.17,28.15,27.72,26.18,21.67,15.3,25.82"
"T2M,2024,27.5,77.5,13.11,17.58,23.72,31.1,36.7,37.98,30.87,28.63,28.18,26.11,21.28,15.22,25.87"
"T2M,2024,27.5,78.125,13.58,17.9,23.92,31.2,36.52,37.97,30.65,28.59,28.05,25.58,20.59,15.09,25.8"
"T2M,2024,27.5,78.75,13.54,17.74,23.81,31.34,36.24,37.83,30.36,28.61,27.97,25.41,20.63,15.27,25.73"
"T2M,2024,27.5,79.375,13.68,17.73,23.9,31.61,35.96,37.71,30.09,28.62,27.94,25.33,20.61,15.45,25.72"
"T2M,2024,27.5,80,13.68,17.68,23.93,31.82,35.75,37.47,29.94,28.61,27.87,25.29,20.52,15.53,25.67"
"T2M,2024,28,76.875,12.97,16.83,23.26,30.32,36.18,37.47,31.59,28.47,27.87,26.4,21.5,14.79,25.64"
"T2M,2024,28,77.5,12.94,16.99,23.29,30.87,36.41,37.83,31.45,28.76,28.17,26.01,21.31,15,25.75"
"T2M,2024,28,78.125,13.26,17.17,23.52,30.96,36.27,37.84,31.1,28.57,27.95,25.41,20.79,14.95,25.65"
"T2M,2024,28,78.75,13.28,17.17,23.51,31.16,36.11,37.74,30.36,28.53,27.91,25.12,20.45,15.1,25.54"
"T2M,2024,28,79.375,13.51,17.26,23.6,31.36,35.73,37.58,29.84,28.52,27.83,24.91,19.99,15.16,25.44"
"T2M,2024,28,80,13.77,17.47,23.81,31.6,35.42,37.47,29.79,28.63,27.86,25.07,20.18,15.49,25.55"
"T2M,2024,28.5,76.875,12.76,16.31,22.8,30.12,36.11,37.49,32.16,28.8,28.08,26.32,21.4,14.62,25.58"
"T2M,2024,28.5,77.5,12.72,16.45,22.91,30.57,36.12,37.7,31.74,28.72,27.98,25.44,20.97,14.71,25.5"
"T2M,2024,28.5,78.125,13.16,16.72,23.19,30.72,36.02,37.67,31.37,28.55,27.85,25.14,20.57,14.75,25.48"
"T2M,2024,28.5,78.75,13.24,16.87,23.17,30.95,35.85,37.61,30.45,28.53,27.83,24.9,20.19,14.94,25.38"
"T2M,2024,28.5,79.375,13.63,17.11,23.23,31.06,35.46,37.45,29.7,28.48,27.76,24.83,20.12,15.15,25.33"
"T2M,2024,28.5,80,14.01,17.33,23.31,31.09,34.87,37.09,29.46,28.41,27.68,24.89,20.22,15.45,25.32"
"T2M,2024,29,76.875,12.51,15.91,22.4,29.83,35.99,37.56,32.46,29,28.19,26.05,21.17,14.37,25.45"
"T2M,2024,29,77.5,12.54,16.11,22.49,30.09,35.85,37.64,31.24,28.59,27.82,24.81,20.35,14.29,25.15"
"T2M,2024,29,78.125,13.22,16.54,22.89,30.35,35.71,37.58,31.26,28.56,27.86,24.83,20.53,14.65,25.33"
"T2M,2024,29,78.75,13.55,16.81,22.9,30.47,35.47,37.31,30.24,28.38,27.81,25.06,20.59,15.26,25.32"
"T2M,2024,29,79.375,13.96,16.79,22.71,29.9,34.45,36.27,29.09,27.86,27.34,24.75,20.51,15.8,24.95"
",2024,29,80,13.65,16.54,22.21,29.27,32.85,34.75,28.36,27.28,26.71,24.33,19.93,15.84,24.31"
